{
  "confident_accuracy": 0.9258000254631042,
  "mean_top1_confidence": 0.801056444644928,
  "class_entropy": 0.6828169822692871,
  "class_entropy_uniform": 2.302585092994046,
  "class_counts": [
    91,
    39,
    83,
    207,
    3,
    6,
    7859,
    1712,
    0,
    0
  ],
  "frechet_sc09_distance": 30.480293100371185,
  "modality": "sc09",
  "checkpoint": "checkpoint_epoch0100.pt",
  "n_samples": 10000,
  "ddim_steps": 50
}