{
  "confident_accuracy": 0.9483000040054321,
  "mean_top1_confidence": 0.7585172653198242,
  "class_entropy": 0.08362012356519699,
  "class_entropy_uniform": 2.302585092994046,
  "class_counts": [
    69,
    9,
    23,
    4,
    0,
    0,
    9874,
    20,
    1,
    0
  ],
  "frechet_sc09_distance": 37.094689213444894,
  "modality": "sc09",
  "checkpoint": "checkpoint_epoch0100.pt",
  "n_samples": 10000,
  "ddim_steps": 50
}